Species,X,Y,Response
Crotalus triseriatus,-99.317611,19.308771,1
Crotalus triseriatus,-98.6591,19.200706,1
Crotalus triseriatus,-98.673288,19.194508,1
Crotalus triseriatus,-99.123595,19.15655,1
Crotalus triseriatus,-99.693352,19.409738,1
Crotalus triseriatus,-99.53053,19.221676,1
Crotalus triseriatus,-99.315353,19.256287,1
Crotalus triseriatus,-99.693754,19.408283,1
Crotalus triseriatus,-98.652368,19.255044,1
Crotalus triseriatus,-98.639642,19.263655,1
Crotalus triseriatus,-99.299238,19.295795,1
Crotalus triseriatus,-99.242358,19.251716,1
Crotalus triseriatus,-97.274597,19.072022,1
Crotalus triseriatus,-97.274611,19.071997,1
Crotalus triseriatus,-99.215811,19.149712,1
Crotalus triseriatus,-97.15573,19.50158,1
Crotalus triseriatus,-99.991439,19.235508,1
Crotalus triseriatus,-99.312258,19.316092,1
Crotalus triseriatus,-99.260942,19.208242,1
Crotalus triseriatus,-99.715437,19.247268,1
Crotalus triseriatus,-99.319595,19.058089,1
Crotalus triseriatus,-99.557897,19.247155,1
Crotalus triseriatus,-99.597942,19.19499,1
Crotalus triseriatus,-99.932613,19.225663,1
Crotalus triseriatus,-99.250287,19.060522,1
Crotalus triseriatus,-99.329262,19.290608,1
Crotalus triseriatus,-99.31495,19.256887,1
Crotalus triseriatus,-99.293595,19.240212,1
Crotalus triseriatus,-99.774328,19.238036,1
Crotalus triseriatus,-99.774307,19.238039,1
Crotalus triseriatus,-97.992499,19.23743,1
Crotalus triseriatus,-99.239505,19.174353,1
Crotalus triseriatus,-97.363334,19.717449,1
Crotalus triseriatus,-99.382885,19.306024,1
Crotalus triseriatus,-99.311693,19.314942,1
Crotalus triseriatus,-99.314342,19.296046,1
Crotalus triseriatus,-99.295838,19.21884,1
Crotalus triseriatus,-99.333333,19.266667,1
Crotalus triseriatus,-99.296922,19.296283,1
Crotalus triseriatus,-100.179964,19.751444,1
Crotalus triseriatus,-99.215651,19.258876,1
Crotalus triseriatus,-99.970197,19.296181,1
Crotalus triseriatus,-99.265693,19.259304,1
Crotalus triseriatus,-100.268546,19.661722,1
Crotalus triseriatus,-99.279058,19.221855,1
Crotalus triseriatus,-99.254083,19.218626,1
Crotalus triseriatus,-99.276628,19.220972,1
Crotalus triseriatus,-99.229722,19.188889,1
Crotalus triseriatus,-99.295775,19.29745,1
Crotalus triseriatus,-99.947592,19.2212,1
Crotalus triseriatus,-99.892311,19.018431,1
Crotalus triseriatus,-97.230745,18.998162,1
Crotalus triseriatus,-99.216873,19.253065,1
Crotalus triseriatus,-98.601813,19.097575,1
Crotalus triseriatus,-99.240391,19.256982,1
Crotalus triseriatus,-99.28775,19.216868,1
Crotalus triseriatus,-99.21385,19.116941,1
Crotalus triseriatus,-99.290989,19.26413,1
Crotalus triseriatus,-99.69464,19.407755,1
Crotalus triseriatus,-97.262614,19.068471,1
Crotalus triseriatus,-99.521431,19.533056,1
Crotalus triseriatus,-99.292725,19.308626,1
Crotalus triseriatus,-99.218892,19.245158,1
Crotalus triseriatus,-99.333678,19.287528,1
Crotalus triseriatus,-99.298618,19.300456,1
Crotalus triseriatus,-99.310903,19.223115,1
Crotalus triseriatus,-100.284904,19.660975,1
Crotalus triseriatus,-99.294786,19.266586,1
Crotalus triseriatus,-99.1538,19.148673,1
Crotalus triseriatus,-98.623798,19.298881,1
Crotalus triseriatus,-99.587917,19.576911,1
Crotalus triseriatus,-99.69147,19.407459,1
Crotalus triseriatus,-98.650755,19.19907,1
Crotalus triseriatus,-99.256615,19.247315,1
Crotalus triseriatus,-99.257243,19.248893,1
Crotalus triseriatus,-99.524879,19.541622,1
Crotalus triseriatus,-99.268349,19.223957,1
Crotalus triseriatus,-98.68276,19.065302,1
Crotalus triseriatus,-99.274468,19.222938,1
Crotalus triseriatus,-99.960986,19.212186,1
Crotalus triseriatus,-97.52636,19.716385,1
Crotalus triseriatus,-99.960986,19.212186,1
Crotalus triseriatus,-99.960986,19.212186,1
Crotalus triseriatus,-97.438869,19.706343,1
Crotalus triseriatus,-97.438817,19.706415,1
Crotalus triseriatus,-98.643811,19.262109,1
Crotalus triseriatus,-99.314675,19.06651,1
Crotalus triseriatus,-98.656209,19.151982,1
Crotalus triseriatus,-99.567151,19.569538,1
Crotalus triseriatus,-99.208062,19.246101,1
Crotalus triseriatus,-98.717629,19.404039,1
Crotalus triseriatus,-99.23789,19.215645,1
Crotalus triseriatus,-98.665963,19.137985,1
Crotalus triseriatus,-99.679806,19.284711,1
Crotalus triseriatus,-99.756265,19.111568,1
Crotalus triseriatus,-99.316612,19.056322,1
Crotalus triseriatus,-99.317805,19.055383,1
Crotalus triseriatus,-98.643773,19.099641,1
Crotalus triseriatus,-99.215283,19.247594,1
Crotalus triseriatus,-99.217869,19.246189,1
Crotalus triseriatus,-99.978448,19.761185,1
Crotalus triseriatus,-97.221175,19.004786,1
Crotalus triseriatus,-99.317558,19.244992,1
Crotalus triseriatus,-99.107978,19.164856,1
Crotalus triseriatus,-99.298116,19.306502,1
Crotalus triseriatus,-98.6352,19.134292,1
Crotalus triseriatus,-99.300403,19.306408,1
Crotalus triseriatus,-99.293647,19.26274,1
Crotalus triseriatus,-99.073228,19.148842,1
Crotalus triseriatus,-99.944847,19.205142,1
Crotalus triseriatus,-99.715228,19.2295,1
Crotalus triseriatus,-99.122317,19.106692,1
Crotalus triseriatus,-99.3154,19.304391,1
Crotalus triseriatus,-99.321068,19.050839,1
Crotalus triseriatus,-99.925087,19.105056,1
Crotalus triseriatus,-99.263553,19.21145,1
Crotalus triseriatus,-99.402328,19.29108,1
Crotalus triseriatus,-99.194601,19.11176,1
Crotalus triseriatus,-99.315169,19.296941,1
Crotalus triseriatus,-99.322914,19.276918,1
Crotalus triseriatus,-99.272354,19.224993,1
Crotalus triseriatus,-99.2179,19.206045,1
Crotalus triseriatus,-98.64789,19.09049,1
Crotalus triseriatus,-99.688012,19.4094,1
Crotalus triseriatus,-99.29722,19.269203,1
Crotalus triseriatus,-99.691218,19.407043,1
Crotalus triseriatus,-99.187942,19.162547,1
Crotalus triseriatus,-99.643953,19.104792,1
Crotalus triseriatus,-99.169561,19.145089,1
Crotalus triseriatus,-99.175822,19.146466,1
Crotalus triseriatus,-99.499433,19.29214,1
Crotalus triseriatus,-99.200535,19.120192,1
Crotalus triseriatus,-99.188707,19.145885,1
Crotalus triseriatus,-99.188772,19.145825,1
Crotalus triseriatus,-99.695625,19.41745,1
Crotalus triseriatus,-99.162048,19.148277,1
Crotalus triseriatus,-99.218365,19.149295,1
Crotalus triseriatus,-100.03342,19.541011,1
Crotalus triseriatus,-99.170703,19.140195,1
Crotalus triseriatus,-99.749222,19.103587,1
Crotalus triseriatus,-100.236878,19.60802,1
Crotalus triseriatus,-99.173594,19.142752,1
Crotalus triseriatus,-99.306169,19.319756,1
Crotalus triseriatus,-98.733871,19.437301,1
Crotalus triseriatus,-99.274789,19.222783,1
Crotalus triseriatus,-99.483597,19.214832,1
Crotalus triseriatus,-99.258002,19.208335,1
Crotalus triseriatus,-99.58613,19.245942,1
Crotalus triseriatus,-98.744349,19.415691,1
Crotalus triseriatus,-99.203184,19.127133,1
Crotalus triseriatus,-99.21908,19.254836,1
Crotalus triseriatus,-98.655042,19.245368,1
Crotalus triseriatus,-98.655074,19.245393,1
Crotalus triseriatus,-98.601999,19.24811,1
Crotalus triseriatus,-99.169899,19.140114,1
Crotalus triseriatus,-98.686989,19.482827,1
Crotalus triseriatus,-97.314937,18.985657,1
Crotalus triseriatus,-97.212708,19.67839,1
Crotalus triseriatus,-99.225998,19.174375,1
Crotalus triseriatus,-99.39466,19.52272,1
Crotalus triseriatus,-99.265247,19.220257,1
Crotalus triseriatus,-97.216126,19.539375,1
Crotalus triseriatus,-99.329996,19.278906,1
Crotalus triseriatus,-99.275744,19.220711,1
Crotalus triseriatus,-99.256018,19.214673,1
Crotalus triseriatus,-99.319559,19.267958,1
Crotalus triseriatus,-99.256018,19.214673,1
Crotalus triseriatus,-99.256018,19.214673,1
Crotalus triseriatus,-97.206278,19.550469,1
Crotalus triseriatus,-99.262157,19.233674,1
Crotalus triseriatus,-97.224228,19.672762,1
Crotalus triseriatus,-99.168593,19.142992,1
Crotalus triseriatus,-99.339671,19.270899,1
Crotalus triseriatus,-99.351514,19.279464,1
Crotalus triseriatus,-99.193409,19.252423,1
Crotalus triseriatus,-99.303274,19.305815,1
Crotalus triseriatus,-99.328933,19.2916,1
Crotalus triseriatus,-99.7229,19.316589,1
Crotalus triseriatus,-99.26172,19.209537,1
Crotalus triseriatus,-99.712574,19.227699,1
Crotalus triseriatus,-99.258703,19.296233,1
Crotalus triseriatus,-99.698012,19.274875,1
Crotalus triseriatus,-99.22734,19.256269,1
Crotalus triseriatus,-99.647211,19.822635,1
Crotalus triseriatus,-99.041043,19.120372,1
Crotalus triseriatus,-99.284575,19.21699,1
Crotalus triseriatus,-99.271957,19.130761,1
Crotalus triseriatus,-99.289048,19.302899,1
Crotalus triseriatus,-99.263173,19.211642,1
Crotalus triseriatus,-98.651604,19.123088,1
Crotalus triseriatus,-99.319642,19.245305,1
Crotalus triseriatus,-99.213247,19.149742,1
Crotalus triseriatus,-99.303274,19.305815,1
Crotalus triseriatus,-99.49729,19.292185,1
Crotalus triseriatus,-99.650726,19.195497,1
Crotalus triseriatus,-99.224122,19.255581,1
Crotalus triseriatus,-99.266506,19.212757,1
Crotalus triseriatus,-99.243585,19.171688,1
Crotalus triseriatus,-99.180929,19.145889,1
Crotalus triseriatus,-99.164414,19.104922,1
Crotalus triseriatus,-99.296986,19.304988,1
Crotalus triseriatus,-99.204309,19.13746,1
Crotalus triseriatus,-99.254334,19.211499,1
Crotalus triseriatus,-99.993813,19.194255,1
Crotalus triseriatus,-99.441206,19.25336,1
Crotalus triseriatus,-99.93262,19.221437,1
Crotalus triseriatus,-99.197423,19.131245,1
Crotalus triseriatus,-98.650063,19.119958,1
Crotalus triseriatus,-98.651016,19.135508,1
Crotalus triseriatus,-99.161536,19.117741,1
Crotalus triseriatus,-97.111519,19.616668,1
Crotalus triseriatus,-100.026244,19.322433,1
Crotalus triseriatus,-99.289325,19.218648,1
Crotalus triseriatus,-99.713805,19.226748,1
Crotalus triseriatus,-99.312745,19.256826,1
Crotalus triseriatus,-99.235565,19.173469,1
Crotalus triseriatus,-99.693804,19.185139,1
Crotalus triseriatus,-99.220548,19.257412,1
Crotalus triseriatus,-99.647899,19.816247,1
Crotalus triseriatus,-99.276772,19.220305,1
Crotalus triseriatus,-99.099541,19.10721,1
Crotalus triseriatus,-99.097743,19.152371,1
Crotalus triseriatus,-98.649065,19.092695,1
Crotalus triseriatus,-99.092336,19.144,1
Crotalus triseriatus,-99.266254,19.220245,1
Crotalus triseriatus,-99.245241,19.253713,1
Crotalus triseriatus,-99.097652,19.090751,1
Crotalus triseriatus,-99.501779,19.292017,1
Crotalus triseriatus,-99.311042,19.257047,1
Crotalus triseriatus,-99.136584,19.094158,1
Crotalus triseriatus,-99.18829,19.125694,1
Crotalus triseriatus,-99.298496,19.307492,1
Crotalus triseriatus,-99.29841,19.309149,1
Crotalus triseriatus,-99.330347,19.272667,1
Crotalus triseriatus,-99.555507,19.545483,1
Crotalus triseriatus,-99.215834,19.252625,1
Crotalus triseriatus,-97.527167,19.736534,1
Crotalus triseriatus,-99.284051,19.215216,1
Crotalus triseriatus,-100.21093,19.595653,1
Crotalus triseriatus,-99.268006,19.212451,1
Crotalus triseriatus,-99.285473,19.313063,1
Crotalus triseriatus,-98.728906,19.484583,1
Crotalus triseriatus,-99.546913,19.151046,1
Crotalus triseriatus,-98.966165,19.1089,1
Crotalus triseriatus,-98.977389,19.115025,1
Crotalus triseriatus,-99.558041,19.219184,1
Crotalus triseriatus,-98.714011,19.415223,1
Crotalus triseriatus,-99.401722,19.319804,1
Crotalus triseriatus,-99.259803,19.101708,1
Crotalus triseriatus,-99.738774,19.446464,1
Crotalus triseriatus,-99.210175,19.09381,1
Crotalus triseriatus,-99.959612,19.214228,1
Crotalus triseriatus,-99.530735,19.220809,1
Crotalus triseriatus,-99.42875,19.425637,1
Crotalus triseriatus,-99.322425,19.232703,1
Crotalus triseriatus,-99.446595,19.53344,1
Crotalus triseriatus,-99.217767,19.247104,1
Crotalus triseriatus,-99.216479,19.249058,1
Crotalus triseriatus,-99.397422,19.330253,1
Crotalus triseriatus,-99.344168,19.766071,1
Crotalus triseriatus,-99.418953,19.088573,1
Crotalus triseriatus,-99.323307,19.272142,1
Crotalus triseriatus,-97.151232,19.479704,1
Crotalus triseriatus,-98.649174,19.124119,1
Crotalus triseriatus,-97.119195,19.571651,1
Crotalus triseriatus,-99.698189,19.312831,1
Crotalus triseriatus,-99.700454,19.313565,1
Crotalus triseriatus,-97.529299,19.718177,1
Crotalus triseriatus,-99.214878,19.2488,1
Crotalus triseriatus,-98.72732,19.513376,1
Crotalus triseriatus,-99.695194,19.310835,1
Crotalus triseriatus,-97.255639,18.997102,1
Crotalus triseriatus,-99.893288,19.204388,1
Crotalus triseriatus,-99.696172,19.310998,1
Crotalus triseriatus,-99.696172,19.310998,1
Crotalus triseriatus,-99.220162,19.244387,1
Crotalus triseriatus,-99.371485,19.279546,1
Crotalus triseriatus,-99.399867,19.318689,1
Crotalus triseriatus,-99.293738,19.27082,1
Crotalus triseriatus,-99.361263,19.293984,1
Crotalus triseriatus,-99.106245,19.112192,1
Crotalus triseriatus,-99.69032,19.407578,1
Crotalus triseriatus,-99.312309,19.053972,1
Crotalus triseriatus,-97.529874,19.718304,1
Crotalus triseriatus,-99.283294,19.316219,1
Crotalus triseriatus,-99.277775,19.216353,1
Crotalus triseriatus,-99.218671,19.109754,1
Crotalus triseriatus,-98.993881,19.116552,1
Crotalus triseriatus,-99.637751,19.047125,1
Crotalus triseriatus,-99.401722,19.319804,1
Crotalus triseriatus,-97.164801,19.482913,1
Crotalus triseriatus,-99.257123,19.213006,1
Crotalus triseriatus,-97.094525,19.629172,1
Crotalus triseriatus,-99.26858,19.212657,1
Crotalus triseriatus,-99.193912,19.148641,1
Crotalus triseriatus,-99.500444,19.286033,1
Crotalus triseriatus,-99.401722,19.319804,1
Crotalus triseriatus,-99.401722,19.319804,1
Crotalus triseriatus,-99.401722,19.319804,1
Crotalus triseriatus,-99.401722,19.319804,1
Crotalus triseriatus,-99.401722,19.319804,1
Crotalus triseriatus,-99.401722,19.319804,1
Crotalus triseriatus,-99.401722,19.319804,1
Crotalus triseriatus,-99.401722,19.319804,1
Crotalus triseriatus,-99.401722,19.319804,1
Crotalus triseriatus,-99.401722,19.319804,1
Crotalus triseriatus,-99.401722,19.319804,1
Crotalus triseriatus,-99.401722,19.319804,1
Crotalus triseriatus,-99.401722,19.319804,1
Crotalus triseriatus,-99.401722,19.319804,1
Crotalus triseriatus,-99.401722,19.319804,1
Crotalus triseriatus,-99.401722,19.319804,1
Crotalus triseriatus,-97.15275,19.477928,1
Crotalus triseriatus,-99.636556,19.810419,1
Crotalus triseriatus,-99.133744,19.043895,1
Crotalus triseriatus,-99.02845,19.262005,1
Crotalus triseriatus,-97.234843,19.003046,1
Crotalus triseriatus,-99.454677,19.247467,1
Crotalus triseriatus,-99.340588,19.332858,1
Crotalus triseriatus,-99.206937,19.18535,1
Crotalus triseriatus,-99.171853,19.148129,1
Crotalus triseriatus,-99.849835,19.265696,1
Crotalus triseriatus,-99.257112,19.209753,1
Crotalus triseriatus,-97.342935,19.707963,1
Crotalus triseriatus,-99.557198,19.218654,1
Crotalus triseriatus,-99.706075,19.313675,1
Crotalus triseriatus,-99.213317,19.193519,1
Crotalus triseriatus,-98.607292,19.096992,1
Crotalus triseriatus,-99.213317,19.193519,1
Crotalus triseriatus,-99.286196,19.313593,1
Crotalus triseriatus,-99.594778,19.241278,1
Crotalus triseriatus,-99.223032,19.246336,1
Crotalus triseriatus,-99.339547,19.168513,1
Crotalus triseriatus,-99.147942,19.087689,1
Crotalus triseriatus,-99.148492,19.087056,1
Crotalus triseriatus,-99.251726,19.216706,1
Crotalus triseriatus,-98.716256,19.413552,1
Crotalus triseriatus,-99.736506,19.368885,1
Crotalus triseriatus,-99.224307,19.247585,1
Crotalus triseriatus,-99.736506,19.368885,1
Crotalus triseriatus,-99.57071,19.182756,1
Crotalus triseriatus,-99.861298,19.357321,1
Crotalus triseriatus,-99.451452,19.247581,1
Crotalus triseriatus,-99.452331,19.247819,1
Crotalus triseriatus,-99.454058,19.246312,1
Crotalus triseriatus,-99.453788,19.246519,1
Crotalus triseriatus,-99.863304,19.355736,1
Crotalus triseriatus,-99.345816,19.749058,1
Crotalus triseriatus,-99.28998,19.258548,1
Crotalus triseriatus,-99.237,19.212142,1
Crotalus triseriatus,-99.695175,19.156389,1
Crotalus triseriatus,-99.083921,19.147312,1
Crotalus triseriatus,-99.23281,19.208657,1
Crotalus triseriatus,-99.146072,19.087964,1
Crotalus triseriatus,-99.897432,19.175852,1
Crotalus triseriatus,-99.216513,19.098916,1
Crotalus triseriatus,-99.327826,19.316049,1
Crotalus triseriatus,-98.612151,19.084972,1
Crotalus triseriatus,-99.702951,19.30988,1
Crotalus triseriatus,-99.705152,19.311027,1
Crotalus triseriatus,-99.246379,19.25405,1
Crotalus triseriatus,-99.246468,19.254134,1
Crotalus triseriatus,-99.322647,19.232744,1
Crotalus triseriatus,-99.27536,19.216242,1
Crotalus triseriatus,-99.35877,19.299754,1
Crotalus triseriatus,-98.646106,19.08685,1
Crotalus triseriatus,-99.686668,19.308889,1
Crotalus triseriatus,-99.300307,19.189366,1
Crotalus triseriatus,-99.693936,19.333448,1
Crotalus triseriatus,-99.339373,19.06906,1
Crotalus triseriatus,-99.704949,19.311787,1
Crotalus triseriatus,-99.698873,19.311736,1
Crotalus triseriatus,-99.708908,19.31046,1
Crotalus triseriatus,-99.215921,19.087478,1
Crotalus triseriatus,-99.736506,19.368885,1
Crotalus triseriatus,-97.23489,19.007682,1
Crotalus triseriatus,-99.24199,19.183487,1
Crotalus triseriatus,-99.10644,19.059662,1
Crotalus triseriatus,-99.508694,19.336869,1
Crotalus triseriatus,-99.431711,19.363435,1
Crotalus triseriatus,-99.580315,19.817658,1
Crotalus triseriatus,-99.348654,19.343839,1
Crotalus triseriatus,-99.454263,19.246396,1
Crotalus triseriatus,-99.236623,19.091271,1
Crotalus triseriatus,-97.471476,19.70749,1
Crotalus triseriatus,-99.461316,19.362241,1
Crotalus triseriatus,-99.177335,19.149471,1
Crotalus triseriatus,-99.415461,19.385234,1
Crotalus triseriatus,-99.690982,19.311286,1
Crotalus triseriatus,-99.755085,19.83213,1
Crotalus triseriatus,-99.713836,19.228119,1
Crotalus triseriatus,-99.709699,19.309366,1
Crotalus triseriatus,-99.804512,19.268049,1
Crotalus triseriatus,-97.192614,19.527656,1
Crotalus triseriatus,-99.168144,19.146557,1
Crotalus triseriatus,-97.133142,19.144628,1
Crotalus triseriatus,-99.28182,19.314661,1
Crotalus triseriatus,-99.454587,19.24671,1
Crotalus triseriatus,-99.316457,19.067928,1
Crotalus triseriatus,-99.276219,19.180441,1
Crotalus triseriatus,-97.481169,19.717248,1
Crotalus triseriatus,-99.399508,19.318712,1
Crotalus triseriatus,-99.400483,19.321714,1
Crotalus triseriatus,-100.337232,19.715178,1
Crotalus triseriatus,-99.320119,19.295788,1
Crotalus triseriatus,-99.320144,19.2958,1
Crotalus triseriatus,-99.320129,19.295779,1
Crotalus triseriatus,-99.258443,19.207768,1
Crotalus triseriatus,-99.404746,19.319921,1
Crotalus triseriatus,-99.404693,19.320032,1
Crotalus triseriatus,-99.166447,19.148588,1
Crotalus triseriatus,-99.511315,19.39388,1
Crotalus triseriatus,-99.407121,19.317202,1
Crotalus triseriatus,-99.684654,19.17189,1
Crotalus triseriatus,-99.408305,19.306387,1
Crotalus triseriatus,-99.396598,19.310532,1
Crotalus triseriatus,-98.64585,19.084152,1
Crotalus triseriatus,-99.511839,19.393052,1
Crotalus triseriatus,-99.511927,19.392281,1
Crotalus triseriatus,-99.381629,19.378282,1
Crotalus triseriatus,-99.402263,19.310856,1
Crotalus triseriatus,-97.109697,19.625927,1
Crotalus triseriatus,-97.130823,19.573092,1
Crotalus triseriatus,-99.258153,19.292478,1
Crotalus triseriatus,-99.40151,19.31105,1
Crotalus triseriatus,-98.726944,19.324722,1
Crotalus triseriatus,-99.402923,19.309897,1
Crotalus triseriatus,-99.935726,19.223521,1
Crotalus triseriatus,-99.202598,19.119477,1
Crotalus triseriatus,-99.740496,19.4498,1
Crotalus triseriatus,-99.971021,19.235658,1
Crotalus triseriatus,-99.400675,19.323235,1
Crotalus triseriatus,-99.083533,19.130518,1
Crotalus triseriatus,-99.076595,19.09901,1
Crotalus triseriatus,-99.674446,19.289444,1
Crotalus triseriatus,-99.203,19.0738,1
Crotalus triseriatus,-98.694862,19.057139,1
Crotalus triseriatus,-98.61296,19.102221,1
Crotalus triseriatus,-98.049113,19.239251,1
Crotalus triseriatus,-99.408118,19.354002,1
Crotalus triseriatus,-99.301708,19.307782,1
Crotalus triseriatus,-98.646219,19.138134,1
Crotalus triseriatus,-99.225619,19.129362,1
Crotalus triseriatus,-99.754769,19.108565,1
Crotalus triseriatus,-97.670524,19.59757,1
Crotalus triseriatus,-99.915864,19.22012,1
Crotalus triseriatus,-99.697504,19.312631,1
Crotalus triseriatus,-97.336803,19.735487,1
Crotalus triseriatus,-99.400257,19.319727,1
Crotalus triseriatus,-97.259163,19.046846,1
Crotalus triseriatus,-98.646083,19.086471,1
Crotalus triseriatus,-99.944677,19.20958,1
Crotalus triseriatus,-99.07483,19.10962,1
Crotalus triseriatus,-98.667312,19.293869,1
Crotalus triseriatus,-99.283319,19.217762,1
Crotalus triseriatus,-99.147776,19.120138,1
Crotalus triseriatus,-99.177403,19.143101,1
Crotalus triseriatus,-99.074452,19.110477,1
Crotalus triseriatus,-97.302153,18.994933,1
Crotalus triseriatus,-99.320166,19.05012,1
Crotalus triseriatus,-98.645885,19.088204,1
Crotalus triseriatus,-100.013633,19.252807,1
Crotalus triseriatus,-99.404217,19.320207,1
Crotalus triseriatus,-98.628084,19.094771,1
Crotalus triseriatus,-99.751895,19.112904,1
Crotalus triseriatus,-99.291912,19.262563,1
Crotalus triseriatus,-99.317647,19.055036,1
Crotalus triseriatus,-99.314343,19.056089,1
Crotalus triseriatus,-99.316578,19.047469,1
Crotalus triseriatus,-99.234841,19.180748,1
Crotalus triseriatus,-99.066769,19.110928,1
Crotalus triseriatus,-99.287979,19.270155,1
Crotalus triseriatus,-99.100199,19.132924,1
Crotalus triseriatus,-100.180893,19.412202,1
Crotalus triseriatus,-97.989705,19.243962,1
Crotalus triseriatus,-100.228062,19.605363,1
Crotalus triseriatus,-99.423132,19.310629,1
Crotalus triseriatus,-100.306549,19.681707,1
Crotalus triseriatus,-99.31793,19.272854,1
Crotalus triseriatus,-99.218324,19.179109,1
Crotalus triseriatus,-99.671488,19.434802,1
Crotalus triseriatus,-99.321519,19.040024,1
Crotalus triseriatus,-99.338218,19.073057,1
Crotalus triseriatus,-98.641766,19.33243,1
Crotalus triseriatus,-99.475536,19.585992,1
Crotalus triseriatus,-99.278039,19.083476,1
Crotalus triseriatus,-97.113454,19.614131,1
Crotalus triseriatus,-99.922167,19.101333,1
Crotalus triseriatus,-99.892282,19.201808,1
Crotalus triseriatus,-99.802385,19.143816,1
Crotalus triseriatus,-99.425215,19.632331,1
Crotalus triseriatus,-99.800919,19.357893,1
Crotalus triseriatus,-100.000441,19.248392,1
Crotalus triseriatus,-99.734294,19.167363,1
Crotalus triseriatus,-99.747609,19.200666,1
Crotalus triseriatus,-99.799459,19.349153,1
Crotalus triseriatus,-99.724083,19.230122,1
Crotalus triseriatus,-100.206159,19.57584,1
Crotalus triseriatus,-97.252637,19.078439,1
Crotalus triseriatus,-99.181118,19.086633,1
Crotalus triseriatus,-99.178723,19.087252,1
Crotalus triseriatus,-99.293689,19.037798,1
Crotalus triseriatus,-97.368833,19.091722,1
Crotalus triseriatus,-97.108639,19.616806,1
Crotalus triseriatus,-97.415444,19.130222,1
Crotalus triseriatus,-97.341444,19.088833,1
Crotalus triseriatus,-97.341444,19.088833,1
Crotalus triseriatus,-97.180444,19.528139,1
Crotalus triseriatus,-97.23364,19.67813,1
Crotalus triseriatus,-99.253449,19.26294,1
Crotalus triseriatus,-98.701172,19.207428,1
Crotalus triseriatus,-98.681658,19.29857,1
Crotalus triseriatus,-99.280805,19.217773,1
Crotalus triseriatus,-99.459661,19.272695,1
Crotalus triseriatus,-99.343556,19.07567,1
Crotalus triseriatus,-99.115955,19.132044,1
Crotalus triseriatus,-98.03703,19.180223,1
Crotalus triseriatus,-100.265855,19.518853,1
Crotalus triseriatus,-99.787317,19.7375,1
Crotalus triseriatus,-99.787317,19.7375,1
Crotalus triseriatus,-99.268062,19.225741,1
Crotalus triseriatus,-99.461161,19.271671,1
Crotalus triseriatus,-98.766069,19.340842,1
Crotalus triseriatus,-98.795888,19.390908,1
Crotalus triseriatus,-99.30325,19.221972,1
Crotalus triseriatus,-99.30325,19.221972,1
Crotalus triseriatus,-99.25312,19.29731,1
Crotalus triseriatus,-99.25083,19.22528,1
Crotalus triseriatus,-99.322472,19.252611,1
Crotalus triseriatus,-99.322472,19.252611,1
Crotalus triseriatus,-99.200038,19.089085,1
Crotalus triseriatus,-99.461161,19.271671,1
Crotalus triseriatus,-99.461161,19.271671,1
Crotalus triseriatus,-99.461161,19.271671,1
Crotalus triseriatus,-100.302056,19.539583,1
Crotalus triseriatus,-100.252556,19.548,1
Crotalus triseriatus,-100.252556,19.548139,1
Crotalus triseriatus,-100.267389,19.541972,1
Crotalus triseriatus,-100.261972,19.534444,1
Crotalus triseriatus,-100.244444,19.524722,1
Crotalus triseriatus,-100.22175,19.483639,1
Crotalus triseriatus,-98.635867,19.08423,1
Crotalus triseriatus,-100.224278,19.380722,1
Crotalus triseriatus,-100.280194,19.536722,1
Crotalus triseriatus,-100.323417,19.543472,1
Crotalus triseriatus,-100.244222,19.524778,1
Crotalus triseriatus,-100.287444,19.537972,1
Crotalus triseriatus,-100.323417,19.543472,1
Crotalus triseriatus,-100.269028,19.542722,1
Crotalus triseriatus,-100.285611,19.5425,1
Crotalus triseriatus,-100.253806,19.525167,1
Crotalus triseriatus,-100.223139,19.379806,1
Crotalus triseriatus,-100.271667,19.540833,1
Crotalus triseriatus,-100.252111,19.526889,1
Crotalus triseriatus,-100.323694,19.543139,1
Crotalus triseriatus,-100.287583,19.522556,1
Crotalus triseriatus,-100.208278,19.506389,1
Crotalus triseriatus,-100.321444,19.544472,1
Crotalus triseriatus,-100.317889,19.509194,1
Crotalus triseriatus,-100.321417,19.504389,1
Crotalus triseriatus,-100.251667,19.522222,1
Crotalus triseriatus,-100.321222,19.544472,1
Crotalus triseriatus,-100.316694,19.511333,1
Crotalus triseriatus,-100.333472,19.547361,1
Crotalus triseriatus,-100.288056,19.538056,1
Crotalus triseriatus,-100.333917,19.550333,1
Crotalus triseriatus,-100.324639,19.543194,1
Crotalus triseriatus,-99.461161,19.271671,1
Crotalus triseriatus,-99.461161,19.271671,1
Crotalus triseriatus,-99.461161,19.271671,1
Crotalus triseriatus,-97.513972,19.723306,1
Crotalus triseriatus,-97.513972,19.723306,1
Crotalus triseriatus,-99.459661,19.272695,1
Crotalus triseriatus,-99.459661,19.272695,1
Crotalus triseriatus,-99.299361,19.290917,1
Crotalus triseriatus,-99.299361,19.290917,1
Crotalus triseriatus,-99.300917,19.290778,1
Crotalus triseriatus,-99.323611,19.27025,1
Crotalus triseriatus,-99.323611,19.27025,1
Crotalus triseriatus,-99.299361,19.290917,1
Crotalus triseriatus,-99.299361,19.290917,1
Crotalus triseriatus,-99.300917,19.290778,1
Crotalus triseriatus,-99.324139,19.302778,1
Crotalus triseriatus,-99.324139,19.302778,1
Crotalus triseriatus,-99.486515,19.542817,1
Crotalus triseriatus,-99.485228,19.542386,1
Crotalus triseriatus,-99.322667,19.295417,1
Crotalus triseriatus,-99.322667,19.295417,1
Crotalus triseriatus,-102.10742,19.42536,1
Crotalus triseriatus,-100.258778,19.515361,1
Crotalus triseriatus,-100.251222,19.528722,1
Crotalus triseriatus,-100.22492,19.38031,1
Crotalus triseriatus,-98.673931,19.288072,1
Crotalus triseriatus,-98.65591,19.130313,1
Crotalus triseriatus,-98.648398,19.082843,1
Crotalus triseriatus,-102.107417,19.425361,1
Crotalus triseriatus,-99.83667,19.925,1
Crotalus triseriatus,-99.86139,19.94972,1
Crotalus triseriatus,-99.92972,20.02056,1
Crotalus triseriatus,-99.202949,19.254027,1
Crotalus triseriatus,-99.138885,19.275,1
Crotalus triseriatus,-99.138885,19.275,1
Crotalus triseriatus,-99.138885,19.275,1
Crotalus triseriatus,-99.138885,19.275,1
Crotalus triseriatus,-98.963302,19.0914,1
Speciespoints,-100.6624991,19.52083363,0
Speciespoints,-97.83749895,19.43750029,0
Speciespoints,-100.0374991,19.92916698,0
Speciespoints,-102.2624992,19.77916697,0
Speciespoints,-101.2624991,19.82916698,0
Speciespoints,-97.58749894,19.37916695,0
Speciespoints,-99.12916569,19.33750028,0
Speciespoints,-103.6124993,20.9958337,0
Speciespoints,-97.19583225,19.27916695,0
Speciespoints,-104.504166,19.87083365,0
Speciespoints,-104.954166,20.74583369,0
Speciespoints,-103.8041659,20.07916699,0
Speciespoints,-101.3541658,20.11250032,0
Speciespoints,-99.80416572,19.30416695,0
Speciespoints,-97.56249894,18.77083359,0
Speciespoints,-98.84583234,19.5625003,0
Speciespoints,-99.32083237,19.15416694,0
Speciespoints,-101.8124992,19.85416698,0
Speciespoints,-103.4458326,19.76250031,0
Speciespoints,-101.2041658,19.5875003,0
Speciespoints,-100.6874991,20.33750034,0
Speciespoints,-99.81249906,20.10416699,0
Speciespoints,-98.26249898,19.42916696,0
Speciespoints,-102.3291659,20.51250035,0
Speciespoints,-102.6624992,19.90416698,0
Speciespoints,-102.1374992,20.12916699,0
Speciespoints,-101.9958325,19.44583362,0
Speciespoints,-103.8541659,21.00416704,0
Speciespoints,-104.8374993,20.43750034,0
Speciespoints,-101.8041658,19.93750032,0
Speciespoints,-104.704166,20.51250035,0
Speciespoints,-97.23749892,19.6375003,0
Speciespoints,-100.1208324,19.81250031,0
Speciespoints,-103.1958326,19.7125003,0
Speciespoints,-105.0458327,20.42083367,0
Speciespoints,-104.2374993,19.51250029,0
Speciespoints,-103.3458326,20.54583368,0
Speciespoints,-102.9208326,20.86250036,0
Speciespoints,-103.9041659,20.53750035,0
Speciespoints,-100.7624991,19.88750031,0
Speciespoints,-100.1458324,20.38750034,0
Speciespoints,-103.1541659,19.69583364,0
Speciespoints,-101.1958325,20.71250036,0
Speciespoints,-103.8374993,20.42083367,0
Speciespoints,-101.8708325,19.45416696,0
Speciespoints,-103.3291659,19.33750028,0
Speciespoints,-102.6041659,20.70416702,0
Speciespoints,-100.8708324,20.17083366,0
Speciespoints,-97.42083227,18.51250024,0
Speciespoints,-99.58749905,19.99583365,0
Speciespoints,-98.0458323,19.62083363,0
Speciespoints,-104.6958326,20.9208337,0
Speciespoints,-101.4124991,19.62916697,0
Speciespoints,-102.5791659,20.04583365,0
Speciespoints,-100.9041658,20.18750033,0
Speciespoints,-101.8041658,19.32083362,0
Speciespoints,-104.3874993,20.11250032,0
Speciespoints,-99.61249905,20.12083366,0
Speciespoints,-97.83749895,18.87083359,0
Speciespoints,-100.9291658,20.54583368,0
Speciespoints,-100.0624991,20.19583366,0
Speciespoints,-101.8124992,19.32916695,0